{
  "before": {
    "tolerance": 0.05,
    "abs_error_mwh": 290546334.89700055,
    "max_abs_delta_mwh": 39569124.96200001,
    "outside_tolerance": 41,
    "deltas_mwh": {
      "AECI": -4248422.986000001,
      "AVA": 53006.001500000246,
      "AVRN": 364150.4149999991,
      "AZPS": 3905135.99,
      "BANC": 2342486.0009999983,
      "BPAT": -15084711.402500018,
      "CEA": -2183560.0005,
      "CHPD": -33761.00200000033,
      "CISO": -4053061.242000073,
      "CPLE": -9370872.184500009,
      "CPLW": 4162591.0,
      "DEAA": -2178.0,
      "DOPD": 0.0,
      "DUK": -8126037.30400002,
      "EPE": -249584.27249999996,
      "ERCO": -31761206.4520002,
      "FMPP": 4385074.779499998,
      "FPC": -3859473.508499995,
      "FPL": 6665649.877999991,
      "GCPD": 3872837.0,
      "GRID": 12871957.8,
      "GRIF": -651646.0,
      "GRIS": -1232745.0,
      "GVL": 485748.0005000001,
      "GWA": -165.0,
      "HECO": -6504894.001999999,
      "HGMA": -34865.0,
      "HST": 4375.0,
      "IID": 454830.5115,
      "IPCO": 16763.065500002354,
      "ISNE": -5286453.324000016,
      "JEA": -739843.5929999985,
      "LDWP": 58454.89350000024,
      "LGEE": 852550.8625000007,
      "MISO": -39569124.96200001,
      "NA - AK": -4495345.160000001,
      "NA - HI": -2653723.739,
      "NA - PR": -17501153.122000005,
      "NBSO": -577183.0,
      "NEVP": -3093679.4970000014,
      "NWMT": 1334548.1565000042,
      "NYIS": -6122817.105499968,
      "PACE": -2595839.230000004,
      "PACW": -3390921.0025000013,
      "PGE": -6903038.994500002,
      "PJM": 1870395.6190000772,
      "PNM": -553297.7644999996,
      "PSCO": 7761659.512000009,
      "PSEI": -5444157.9975000005,
      "SC": -258435.97800000012,
      "SCEG": -298682.9649999961,
      "SCL": 14428.190500000492,
      "SEC": 737456.3210000005,
      "SEPA": 98368.99900000007,
      "SOCO": -11333275.713499933,
      "SPA": -1925213.0985000003,
      "SRP": -9896064.988000005,
      "SWPP": 4950158.049500108,
      "TAL": 15996.998999999836,
      "TEC": 772213.9985000007,
      "TEPC": 1037881.4480000008,
      "TIDC": 11703.000500000082,
      "TPWR": -173902.21950000012,
      "TVA": -10059475.647000015,
      "WACM": -112239.96350000054,
      "WALC": -8234472.984000001,
      "WAUW": -2822869.9995,
      "WWA": 100.0,
      "YAD": 7418.0004999999655
    }
  },
  "after": {
    "tolerance": 0.05,
    "abs_error_mwh": 231196270.03100052,
    "max_abs_delta_mwh": 39569124.96200001,
    "outside_tolerance": 30,
    "deltas_mwh": {
      "AECI": -4248422.986000001,
      "AVA": 53006.001500000246,
      "AVRN": 364150.4149999991,
      "AZPS": -432220.0099999979,
      "BANC": 2342486.0009999983,
      "BPAT": -2884429.4055000097,
      "CEA": -2183560.0005,
      "CHPD": -33761.00200000033,
      "CISO": -4053061.242000073,
      "CPLE": -9370872.184500009,
      "CPLW": -1082215.9794999994,
      "DEAA": -2178.0,
      "DOPD": 0.0,
      "DUK": -2881230.3245000243,
      "EPE": -249584.27249999996,
      "ERCO": -31761206.4520002,
      "FMPP": 838712.7794999965,
      "FPC": -313111.5084999949,
      "FPL": 6665649.877999991,
      "GCPD": -288748.0,
      "GRID": 671675.8030000012,
      "GRIF": -651646.0,
      "GRIS": -1232745.0,
      "GVL": 485748.0005000001,
      "GWA": -165.0,
      "HECO": -6504894.001999999,
      "HGMA": -34865.0,
      "HST": 4375.0,
      "IID": 62611.51150000002,
      "IPCO": 16763.065500002354,
      "ISNE": -5286453.324000016,
      "JEA": -182119.5949999988,
      "LDWP": 58454.89350000024,
      "LGEE": 852550.8625000007,
      "MISO": -39569124.96200001,
      "NA - AK": -4495345.160000001,
      "NA - HI": -2653723.739,
      "NA - PR": -17501153.122000005,
      "NBSO": -577183.0,
      "NEVP": -3093679.4970000014,
      "NWMT": 1334548.1565000042,
      "NYIS": -6122817.105499968,
      "PACE": -2595839.230000004,
      "PACW": -3390921.0025000013,
      "PGE": -6903038.994500002,
      "PJM": 1870395.6190000772,
      "PNM": -553297.7644999996,
      "PSCO": 7761659.512000009,
      "PSEI": -1282572.9975000005,
      "SC": -258435.97800000012,
      "SCEG": -298682.9649999961,
      "SCL": 14428.190500000492,
      "SEC": 179732.3230000008,
      "SEPA": 98368.99900000007,
      "SOCO": -11333275.713499933,
      "SPA": -1925213.0985000003,
      "SRP": -2505321.987999998,
      "SWPP": 4950158.049500108,
      "TAL": 15996.998999999836,
      "TEC": 772213.9985000007,
      "TEPC": -2015505.5519999992,
      "TIDC": 11703.000500000082,
      "TPWR": -173902.21950000012,
      "TVA": -10059475.647000015,
      "WACM": -112239.96350000054,
      "WALC": -7842253.984000001,
      "WAUW": -2822869.9995,
      "WWA": 100.0,
      "YAD": 7418.0004999999655
    }
  },
  "improvement_mwh": 59350064.86600003,
  "improvement_rate": 0.20427056802158522,
  "candidates": [
    {
      "status": "accepted",
      "entity": "3082",
      "name": "John Day",
      "state": "OR",
      "from_ba": "BPAT",
      "to_ba": "GRID",
      "value_mwh": 6793296.995999999,
      "candidate_improvement_mwh": 13586593.991999999,
      "validated_improvement_mwh": 13586593.992000043,
      "confidence": 1.0,
      "before_abs_error_mwh": 290546334.89700055,
      "after_abs_error_mwh": 276959740.9050005,
      "reasons": "accepted",
      "egrid_mwh": 6793296.992,
      "eia923_mwh": 6793297.0
    },
    {
      "status": "accepted",
      "entity": "3895",
      "name": "The Dalles",
      "state": "OR",
      "from_ba": "BPAT",
      "to_ba": "GRID",
      "value_mwh": 5406985.001,
      "candidate_improvement_mwh": 10813970.002,
      "validated_improvement_mwh": 10813970.002000034,
      "confidence": 1.0,
      "before_abs_error_mwh": 276959740.9050005,
      "after_abs_error_mwh": 266145770.90300047,
      "reasons": "accepted",
      "egrid_mwh": 5406985.002,
      "eia923_mwh": 5406985.0
    },
    {
      "status": "accepted",
      "entity": "2721",
      "name": "Cliffside",
      "state": "NC",
      "from_ba": "DUK",
      "to_ba": "CPLW",
      "value_mwh": 5244806.979499999,
      "candidate_improvement_mwh": 8325182.0,
      "validated_improvement_mwh": 8325181.99999994,
      "confidence": 0.7936595219366548,
      "before_abs_error_mwh": 266145770.90300047,
      "after_abs_error_mwh": 257820588.90300053,
      "reasons": "accepted",
      "egrid_mwh": 5244807.0,
      "eia923_mwh": 5244806.959
    },
    {
      "status": "accepted",
      "entity": "55306",
      "name": "Gila River Power Station",
      "state": "AZ",
      "from_ba": "SRP",
      "to_ba": "AZPS",
      "value_mwh": 7390743.0,
      "candidate_improvement_mwh": 7810271.98,
      "validated_improvement_mwh": 7810271.980000019,
      "confidence": 0.5283820571219972,
      "before_abs_error_mwh": 257820588.90300053,
      "after_abs_error_mwh": 250010316.9230005,
      "reasons": "accepted",
      "egrid_mwh": 7390743.0,
      "eia923_mwh": 7390743.0
    },
    {
      "status": "accepted",
      "entity": "55821",
      "name": "Stanton A",
      "state": "FL",
      "from_ba": "FPC",
      "to_ba": "FMPP",
      "value_mwh": 3546362.0,
      "candidate_improvement_mwh": 7092724.0,
      "validated_improvement_mwh": 7092724.0,
      "confidence": 1.0,
      "before_abs_error_mwh": 250010316.9230005,
      "after_abs_error_mwh": 242917592.9230005,
      "reasons": "accepted",
      "egrid_mwh": 3546362.0,
      "eia923_mwh": 3546362.0
    },
    {
      "status": "accepted",
      "entity": "55482",
      "name": "Goldendale Generating Station",
      "state": "WA",
      "from_ba": "PSEI",
      "to_ba": "GCPD",
      "value_mwh": 2172002.0,
      "candidate_improvement_mwh": 4344004.0,
      "validated_improvement_mwh": 4344004.0,
      "confidence": 1.0,
      "before_abs_error_mwh": 242917592.9230005,
      "after_abs_error_mwh": 238573588.9230005,
      "reasons": "accepted",
      "egrid_mwh": 2172002.0,
      "eia923_mwh": 2172002.0
    },
    {
      "status": "accepted",