{
 "year": 2023,
 "total_customer_hours": 1059209999.25,
 "rates_usd_per_customer_hour": {
  "floor": 4.125,
  "blended": 134.18225,
  "high": 166.88225
 },
 "totals_usd": {
  "floor": 4369241246.90625,
  "blended": 142127180921.8633,
  "high": 176763347897.33832
 },
 "state_values_blended_usd": {
  "Alabama": 2166425059.2375627,
  "Alaska": 296216541.9046875,
  "Arizona": 893139464.4357501,
  "Arkansas": 3032069004.006875,
  "California": 16769570470.030876,
  "Colorado": 793810013.9608126,
  "Connecticut": 531469391.25562507,
  "Delaware": 159034681.2515,
  "District of Columbia": 110007774.56662501,
  "Florida": 5106095427.892063,
  "Georgia": 4570477255.648688,
  "Hawaii": 712525358.9203125,
  "Idaho": 304731579.76187503,
  "Illinois": 3213979813.2407503,
  "Indiana": 2569806322.195875,
  "Iowa": 429291419.341,
  "Kansas": 842603141.620625,
  "Kentucky": 4676106965.307876,
  "Louisiana": 4142719069.787313,
  "Maine": 4286399645.1725,
  "Maryland": 1281723846.8664377,
  "Massachusetts": 2265693557.4254375,
  "Michigan": 17210846477.667313,
  "Minnesota": 1085354296.3749375,
  "Mississippi": 2212930010.5336876,
  "Missouri": 2904533874.3073754,
  "Montana": 146563984.20987502,
  "Nebraska": 141342382.5878125,
  "Nevada": 590469360.1261876,
  "New Hampshire": 949691177.518375,
  "New Jersey": 1336075138.776875,
  "New Mexico": 376041495.33856255,
  "New York": 2502962931.1749377,
  "North Carolina": 3082271984.5674376,
  "North Dakota": 253958022.72875002,
  "Ohio": 5133782392.083688,
  "Oklahoma": 3922559341.826438,
  "Oregon": 842140246.4036876,
  "Pennsylvania": 4008962345.2476254,
  "Puerto Rico": 6842596230.752063,
  "Rhode Island": 133289636.12743752,
  "South Carolina": 1019911566.7706251,
  "South Dakota": 143633712.234375,
  "Tennessee": 5032951945.414688,
  "Texas": 14832195954.0025,
  "United States Virgin Islands": 316222880.56075,
  "Utah": 424759749.30287504,
  "Vermont": 547535166.230375,
  "Virginia": 2439524985.0223126,
  "Washington": 1220552306.0074377,
  "West Virginia": 1844288263.7358751,
  "Wisconsin": 1388831775.2827501,
  "Wyoming": 86505485.114625
 },
 "source": "Sullivan, Schellenberg & Blundell (LBNL 2015), Updated Value of Service Reliability Estimates; $/unserved kWh x class load x meter mix; screening assumptions documented in domains/grid/reliability_value.py"
}